{"cameraMode":{"drawMode":0,"name":"Shaded","section":"Shading Mode"},"sceneLighting":true,"audioPlay":false,"sceneViewState":{"showFog":true,"showMaterialUpdate":false,"showSkybox":true,"showFlares":true,"showImageEffects":true,"showParticleSystems":true},"in2DMode":false,"pivot":{"x":-0.8741096258163452,"y":0.5,"z":-1.0880454778671265},"rotation":{"x":0.3914867043495178,"y":-0.1195564940571785,"z":0.05138111487030983,"w":0.9109359979629517},"size":19.00454330444336,"orthographic":false}